1825,alice
4507,heidi
3658,eve
1680,victor
8936,carol
9675,nancy
0521,alice
1536,grace
3812,quinn
9864,alice
9196,grace
8929,nancy
3612,oscar
9655,ivan
0107,yolanda
2616,wendy
6925,karl
4553,eve
3528,yolanda
5515,dave
1520,mike
1585,linda
5636,tina
4334,zach
0712,xena
7528,rob
2046,mike
1292,rob
4804,ursula
5926,sue
3151,wendy
1140,bob
3734,yolanda
4742,carol
3815,dave
6228,ivan
7429,ursula
5978,frank
6066,linda
3433,victor
4375,wendy
1170,tina
2804,rob
4011,frank
7574,mike
4423,ursula
9126,heidi
5314,yolanda
0917,heidi
0526,zach
5169,mike
4387,carol
3457,sue
5156,grace
8180,mike
7518,eve
4340,eve
4041,xena
9198,rob
4305,xena
9578,nancy
9561,mike
5931,heidi
2267,quinn
8086,carol
0772,dave
2505,ursula
2622,zach
6917,tina
1041,mike
6253,tina
7669,quinn
4120,rob
0189,victor
1877,victor
8798,yolanda
4372,yolanda
5574,dave
4809,nancy
2592,oscar
0054,xena
4316,quinn
2928,quinn
1744,ursula
4890,ursula
8318,tina
3259,eve
6127,yolanda
2647,rob
8690,alice
9814,karl
8006,alice
1833,linda
5039,heidi
0950,heidi
9296,carol
1404,xena
7963,carol
8728,yolanda
2061,eve